Player,Team,Pos,Age,G,AB,R,H,2B,3B,HR,RBI,SB,CS,BB,SO,SH,SF,HBP,AVG,OBP,SLG,OPS
Isiah Kiner-Falefa,TEX,SS,26,112,450,51,116,19,3,7,38,16,4,14,71,1,2,8,.258,.291,.360,.651
Whit Merrifield,KC,2B,32,112,448,62,120,25,2,8,54,32,1,31,70,0,9,3,.268,.314,.386,.700
Marcus Semien,TOR,SS,30,112,447,83,124,32,2,26,69,12,1,44,111,0,3,1,.277,.341,.532,.873
Bo Bichette,TOR,SS,23,111,445,87,130,19,1,20,77,17,0,30,99,0,2,4,.292,.341,.474,.815
David Fletcher,LAA,2B,27,109,439,62,134,23,2,2,38,10,2,19,44,6,1,1,.305,.335,.380,.715
Ozzie Albies,ATL,2B,24,112,436,70,111,31,5,18,72,13,2,39,86,0,3,3,.255,.318,.472,.790
Tommy Edman,STL,2B,26,110,436,55,110,27,3,7,32,19,4,26,62,1,1,4,.252,.300,.376,.676
Mitch Haniger,SEA,OF,30,109,432,76,113,18,2,26,66,1,0,32,113,0,6,6,.262,.317,.493,.810
Jonathan Schoop,DET,2B,29,110,432,62,125,20,1,18,65,1,0,28,94,0,6,4,.289,.334,.465,.799
Salvador Perez,KC,C,31,111,431,53,120,18,0,29,72,1,0,13,122,0,2,8,.278,.311,.522,.833
DJ LeMahieu,NYY,2B,33,107,430,52,115,19,1,7,46,4,0,49,72,0,3,3,.267,.344,.365,.709
Dansby Swanson,ATL,SS,27,114,427,56,109,28,2,20,59,8,3,32,121,1,3,4,.255,.311,.471,.782
Jake Cronenworth,SD,2B,27,113,425,77,118,26,5,16,55,4,2,39,68,3,1,8,.278,.349,.475,.824
Paul Goldschmidt,STL,1B,33,110,425,59,114,18,1,18,63,7,0,41,101,0,3,2,.268,.333,.442,.775
Kyle Seager,SEA,3B,33,112,421,48,92,18,1,25,72,3,1,42,116,0,4,3,.219,.291,.444,.735
J.P. Crawford,SEA,SS,26,112,421,57,114,24,0,5,35,3,4,38,78,1,2,2,.271,.333,.363,.696
Cedric Mullins,BAL,OF,26,109,419,66,134,29,4,20,40,21,7,40,87,0,3,6,.320,.385,.551,.936
Nolan Arenado,STL,3B,30,109,417,53,109,28,2,22,68,1,0,33,62,0,3,3,.261,.318,.496,.814
Freddie Freeman,ATL,1B,31,113,416,81,121,14,0,24,63,6,3,66,81,0,2,4,.291,.391,.498,.889
J.D. Martinez,BOS,DH,33,106,411,71,118,30,3,21,71,0,0,42,106,0,4,1,.287,.352,.528,.880
Tim Anderson,CWS,SS,28,97,411,70,123,23,1,12,44,16,7,18,95,0,1,1,.299,.329,.448,.777
Jesse Winker,CIN,OF,27,106,411,75,126,31,1,23,67,1,0,50,74,0,0,8,.307,.392,.555,.947
Dylan Carlson,STL,OF,22,110,411,59,107,24,3,12,46,1,0,45,112,0,6,8,.260,.340,.421,.761
Trey Mancini,BAL,1B,29,107,411,59,105,25,1,19,60,0,0,36,106,0,1,5,.255,.322,.460,.782
Vladimir Guerrero,TOR,1B,22,111,408,87,128,20,1,35,88,3,1,61,83,0,2,5,.314,.408,.625,1.033
Jose Altuve,HOU,2B,31,100,408,82,112,14,0,25,66,4,2,49,71,0,6,3,.275,.352,.493,.845
Rafael Devers,BOS,3B,24,109,407,72,116,29,1,28,83,3,5,45,104,0,4,5,.285,.360,.568,.928
Jorge Polanco,MIN,SS,28,106,405,68,110,23,1,20,61,9,4,35,74,0,4,4,.272,.333,.481,.814
Bryan Reynolds,PIT,OF,26,110,403,65,123,26,3,19,65,3,2,49,93,0,1,6,.305,.388,.526,.914
Carlos Santana,KC,1B,35,112,401,57,90,10,0,17,55,2,0,68,74,0,4,3,.224,.338,.377,.715
Austin Riley,ATL,3B,24,113,400,61,116,19,1,23,68,0,1,45,113,0,7,8,.290,.367,.515,.882
Jose Abreu,CWS,1B,34,107,398,59,99,18,2,22,84,1,0,39,106,0,7,14,.249,.332,.470,.802
Eugenio Suarez,CIN,3B,30,108,398,51,69,13,0,22,61,0,1,42,138,0,3,6,.173,.261,.372,.633
Randal Grichuk,TOR,OF,29,109,397,48,100,18,1,19,69,0,3,17,88,0,3,3,.252,.286,.446,.732
Raimel Tapia,COL,OF,27,105,396,62,114,24,0,5,45,19,4,32,60,1,3,0,.288,.339,.386,.725
Alex Verdugo,BOS,OF,25,105,395,66,110,24,1,11,41,5,1,38,65,0,3,3,.278,.344,.428,.772
Xander Bogaerts,BOS,SS,28,106,393,66,120,30,0,16,56,5,1,41,80,0,7,4,.305,.371,.504,.875
Matt Chapman,OAK,3B,28,110,392,51,83,12,3,14,50,3,0,51,146,0,8,3,.212,.302,.365,.667
Adolis Garcia,TEX,OF,28,102,392,52,98,15,2,25,68,8,4,22,127,0,2,4,.250,.295,.490,.785
Amed Rosario,CLE,SS,25,103,391,54,109,18,5,6,34,12,0,23,84,0,3,3,.279,.321,.396,.717
Jeimer Candelario,DET,1B,27,105,391,51,108,30,1,8,41,0,0,50,98,0,0,2,.276,.361,.419,.780
Manny Machado,SD,3B,29,107,390,72,112,23,2,21,78,9,2,47,75,0,8,1,.287,.359,.518,.877
Austin Meadows,TB,OF,26,104,389,63,93,25,1,21,77,3,2,48,100,0,5,5,.239,.327,.470,.797
Ty France,SEA,2B,27,104,389,54,109,25,0,11,49,0,0,28,72,0,4,19,.280,.355,.429,.784
Nathaniel Lowe,TEX,1B,26,110,389,44,97,13,2,12,51,6,0,58,122,0,2,2,.249,.348,.386,.734
Trea Turner,WAS,SS,28,96,388,66,125,17,3,18,49,21,3,26,77,0,2,4,.322,.369,.521,.890
Matt Olson,OAK,1B,27,107,387,73,111,28,0,28,74,3,1,55,73,0,7,7,.287,.379,.576,.955
Chris Taylor,LAD,2B,30,108,386,80,110,21,4,17,62,11,1,48,118,0,1,8,.285,.375,.492,.867
Robbie Grossman,DET,OF,31,110,386,61,91,14,3,17,53,13,4,73,106,2,6,6,.236,.361,.420,.781
Adam Frazier,PIT,2B,29,98,386,58,125,28,4,4,32,5,4,35,46,0,1,6,.324,.388,.448,.836
Randy Arozarena,TB,OF,26,100,384,67,104,21,2,16,52,11,7,38,116,0,2,8,.271,.347,.461,.808
Carlos Correa,HOU,SS,26,103,383,73,103,25,0,18,60,0,0,56,86,0,3,3,.269,.364,.475,.839
Rhys Hoskins,PHI,1B,28,104,381,61,93,29,0,24,68,3,2,46,108,0,2,5,.244,.332,.509,.841
Justin Turner,LAD,3B,36,105,381,62,110,17,0,20,66,1,0,45,74,0,3,10,.289,.376,.491,.867
Elvis Andrus,OAK,SS,32,110,381,41,88,19,1,2,25,9,2,24,70,2,3,3,.231,.280,.302,.582
Jesus Aguilar,MIA,1B,31,110,380,41,101,20,0,20,79,0,0,38,80,0,7,3,.266,.332,.476,.808
Shohei Ohtani,LAA,P,27,16,379,75,101,24,5,37,82,16,7,53,134,0,1,3,.266,.360,.649,1.009
Cesar Hernandez,CLE,2B,31,96,376,60,87,17,2,18,47,0,0,38,90,0,2,4,.231,.307,.431,.738
Jose Iglesias,LAA,SS,31,100,375,47,102,19,1,8,39,4,2,15,59,0,1,3,.272,.305,.392,.697
Kyle Tucker,HOU,OF,24,101,374,57,102,25,1,21,67,11,1,36,71,0,4,1,.273,.335,.513,.848
Jed Lowrie,OAK,2B,37,107,372,48,95,20,0,12,58,0,0,41,83,0,2,2,.255,.331,.406,.737
Aaron Judge,NYY,OF,29,99,371,56,103,15,0,23,53,2,0,49,111,0,2,3,.278,.365,.504,.869
Jose Ramirez,CLE,3B,28,102,370,73,94,21,3,25,68,13,3,43,58,0,3,7,.254,.340,.530,.870
Eduardo Escobar,ARI,3B,32,98,370,50,91,14,3,22,65,1,0,29,85,0,1,0,.246,.300,.478,.778
Brandon Lowe,TB,2B,27,105,370,64,84,19,0,25,63,5,1,54,126,0,1,8,.227,.337,.481,.818
Kevin Newman,PIT,2B,28,103,370,34,80,11,2,3,24,3,0,19,30,2,2,1,.216,.255,.281,.536
Ryan McMahon,COL,2B,26,105,369,64,98,22,1,18,58,4,2,40,108,0,4,2,.266,.337,.477,.814
Enrique Hernandez,BOS,2B,29,98,368,55,90,25,3,15,43,1,0,39,82,0,4,7,.245,.325,.451,.776
Ryan Mountcastle,BAL,1B,24,101,367,49,97,19,1,19,63,4,3,23,109,0,6,3,.264,.308,.477,.785
Yoan Moncada,CWS,3B,26,103,367,51,93,20,1,10,49,3,2,63,115,0,2,6,.253,.370,.395,.765
Trevor Story,COL,SS,28,98,366,57,93,25,2,15,54,17,5,35,93,0,5,8,.254,.329,.456,.785
Tommy Pham,SD,OF,33,111,365,64,89,15,2,12,38,13,6,58,101,0,4,4,.244,.350,.395,.745
Eric Hosmer,SD,1B,31,106,365,41,102,15,0,10,53,5,3,32,65,1,2,4,.279,.342,.403,.745
Pavin Smith,ARI,1B,25,101,365,49,98,20,3,9,36,1,0,30,76,0,1,2,.268,.327,.414,.741
Pete Alonso,NYM,1B,26,103,364,52,90,14,0,24,63,2,0,43,83,0,3,5,.247,.333,.484,.817
Charlie Blackmon,COL,OF,35,106,364,48,99,18,3,7,51,2,0,41,51,0,1,8,.272,.357,.396,.753
Jared Walsh,LAA,1B,28,97,364,47,97,23,1,22,67,2,1,26,109,0,1,3,.266,.320,.516,.836
Hunter Renfroe,BOS,OF,29,103,363,58,91,22,0,19,63,0,2,31,92,0,6,1,.251,.307,.468,.775
Yordan Alvarez,HOU,DH,24,97,362,66,103,19,1,22,74,1,0,32,105,0,3,7,.285,.351,.525,.876
Yuli Gurriel,HOU,1B,37,99,361,54,117,24,0,12,66,1,1,41,45,0,11,4,.324,.388,.490,.878
Nick Castellanos,CIN,OF,29,92,360,62,115,30,1,19,62,2,1,29,89,0,2,3,.319,.373,.567,.940
Dominic Smith,NYM,1B,26,108,359,37,92,15,0,11,50,2,1,28,89,0,5,8,.256,.320,.390,.710
Gleyber Torres,NYY,SS,24,99,359,35,91,17,0,6,42,12,3,41,81,2,4,1,.253,.328,.351,.679
Teoscar Hernandez,TOR,OF,28,93,359,52,109,19,0,17,73,7,3,23,96,0,1,2,.304,.348,.499,.847
Avisail Garcia,MIL,OF,30,101,357,52,95,15,0,20,69,6,4,28,93,0,2,7,.266,.330,.476,.806
Alec Bohm,PHI,3B,25,103,355,44,90,14,0,7,46,4,0,30,102,0,4,1,.254,.310,.352,.662
Lourdes Gurriel,TOR,OF,27,98,354,40,92,20,0,12,46,1,2,17,75,1,5,2,.260,.294,.418,.712
Jonathan India,CIN,2B,24,103,354,66,99,19,2,13,48,8,3,54,98,1,3,18,.280,.399,.455,.854
Michael Brantley,HOU,OF,34,90,353,56,116,28,2,7,38,1,0,27,40,0,1,4,.329,.382,.479,.861
David Peralta,ARI,OF,33,105,352,39,87,20,7,5,45,1,1,36,66,0,1,2,.247,.320,.386,.706
Luis Urias,MIL,SS,24,107,347,53,83,19,1,14,50,5,0,44,85,1,2,7,.239,.335,.421,.756
Maikel Franco,BAL,3B,28,93,346,31,75,21,0,11,47,0,0,19,59,0,3,3,.217,.261,.373,.634
Juan Soto,WAS,OF,22,102,344,74,103,13,1,19,61,6,6,79,66,0,2,0,.299,.428,.509,.937
Willson Contreras,CHC,C,29,103,343,48,78,15,0,17,40,4,4,43,115,0,2,13,.227,.334,.420,.754
Mark Canha,OAK,OF,32,94,343,67,86,17,4,11,37,10,2,53,82,0,1,20,.251,.381,.420,.801
Christian Vazquez,BOS,C,30,100,342,36,87,16,0,4,37,8,4,23,70,0,3,2,.254,.303,.336,.639
Miguel Rojas,MIA,SS,32,92,342,50,94,24,3,6,30,11,1,26,54,0,1,4,.275,.332,.415,.747
Ramon Laureano,OAK,OF,27,88,341,43,84,21,2,14,39,12,5,27,98,0,1,9,.246,.317,.443,.760
Mike Yastrzemski,SF,OF,30,94,338,55,76,23,3,18,47,2,0,38,88,0,2,7,.225,.314,.470,.784
Michael Taylor,KC,OF,30,102,338,46,82,9,1,10,40,10,4,25,104,0,3,5,.243,.302,.364,.666
Giancarlo Stanton,NYY,DH,31,93,338,41,88,12,0,17,54,0,0,52,109,0,1,2,.260,.361,.447,.808
Mookie Betts,LAD,OF,28,87,336,68,93,25,3,17,44,7,3,49,64,0,4,8,.277,.378,.521,.899
Javier Baez,CHC,SS,28,91,335,48,83,9,2,22,65,13,3,15,131,0,3,7,.248,.292,.484,.776
Nick Ahmed,ARI,SS,31,101,334,36,76,24,2,3,27,7,2,25,78,1,1,2,.228,.285,.338,.623
Nick Solak,TEX,2B,26,92,334,42,75,12,2,9,34,4,3,21,87,1,2,13,.225,.295,.353,.648
Kyle Farmer,CIN,2B,30,108,333,42,88,15,2,10,40,2,3,17,63,1,3,15,.264,.326,.411,.737
Yandy Diaz,TB,3B,30,95,333,46,84,13,1,8,39,0,0,55,62,0,2,2,.252,.360,.369,.729
Garrett Hampson,COL,2B,26,105,332,48,79,19,5,6,21,14,4,22,86,2,2,3,.238,.290,.380,.670
Josh Bell,WAS,1B,28,97,330,53,82,15,1,19,60,0,0,30,76,0,1,1,.248,.312,.473,.785
Hunter Dozier,KC,1B,29,96,329,38,66,20,4,8,32,2,2,31,104,0,3,4,.201,.275,.359,.634
Max Muncy,LAD,2B,30,96,329,65,90,19,1,23,65,2,0,65,75,0,0,8,.274,.405,.547,.952
Andrew McCutchen,PHI,OF,34,98,329,55,77,13,1,20,58,6,1,61,92,0,7,3,.234,.353,.462,.815
Jean Segura,PHI,2B,31,85,328,48,103,20,3,8,40,7,2,25,52,1,2,7,.314,.373,.466,.839
Kris Bryant,CHC,3B,29,93,326,58,87,19,2,18,51,4,2,39,89,0,1,8,.267,.358,.503,.861
J.T. Realmuto,PHI,C,30,92,325,46,87,17,2,13,52,7,3,36,83,0,2,7,.268,.351,.452,.803
Myles Straw,HOU,OF,26,98,325,44,85,13,1,2,34,17,5,38,71,1,4,2,.262,.339,.326,.665
Miguel Cabrera,DET,DH,38,89,325,38,81,9,0,11,49,0,0,29,85,0,6,3,.249,.311,.378,.689
Bryce Harper,PHI,OF,28,92,324,65,97,26,0,20,45,12,1,57,87,0,1,5,.299,.411,.565,.976
Anthony Rizzo,CHC,1B,32,92,323,41,80,16,3,14,40,4,2,36,59,0,3,14,.248,.346,.446,.792
Brandon Crawford,SF,SS,34,93,321,56,93,20,1,18,67,9,0,35,75,0,5,2,.290,.358,.526,.884
Josh Rojas,ARI,2B,27,94,321,50,85,22,1,10,28,7,3,44,94,0,1,0,.265,.352,.433,.785
Josh Harrison,WAS,2B,34,90,320,39,94,23,2,6,38,5,2,25,50,0,1,12,.294,.366,.434,.800
Wil Myers,SD,OF,30,105,319,39,81,15,1,12,47,7,5,44,103,0,3,0,.254,.342,.420,.762
Tyler Naquin,CIN,OF,30,100,319,36,77,17,0,13,57,5,2,28,88,0,3,5,.241,.310,.417,.727
Fernando Tatis,SD,SS,22,88,317,79,92,20,0,31,70,23,3,44,104,0,4,0,.290,.373,.647,1.020
Starlin Castro,WAS,2B,31,87,315,25,89,20,0,3,38,0,1,26,62,0,4,0,.283,.333,.375,.708
Andrew Vaughn,CWS,1B,23,97,314,48,83,22,0,13,37,1,1,30,79,0,5,5,.264,.333,.459,.792
Adam Duvall,MIA,OF,32,91,314,41,72,10,1,22,68,5,0,21,105,0,3,1,.229,.277,.478,.755
Francisco Lindor,NYM,SS,27,88,311,49,71,11,1,11,36,8,2,41,61,5,2,5,.228,.326,.376,.702
Jackie Bradley,MIL,OF,31,98,310,31,55,11,3,6,29,6,1,23,102,0,3,9,.177,.252,.290,.542
Andrelton Simmons,MIN,SS,31,94,310,32,68,9,0,3,24,1,0,26,49,3,0,2,.219,.284,.277,.561
Joey Gallo,TEX,OF,27,95,310,57,69,6,1,25,55,6,0,74,125,0,0,4,.223,.379,.490,.869
Gio Urshela,NYY,3B,29,84,310,32,85,16,1,11,41,1,0,18,82,0,1,1,.274,.315,.439,.754
Joey Wendle,TB,2B,31,92,309,54,86,24,2,7,37,6,5,19,74,0,3,7,.278,.331,.437,.768
Miguel Sano,MIN,1B,28,90,309,47,65,16,0,19,46,1,1,39,122,0,1,1,.210,.300,.447,.747
Jorge Soler,KC,OF,29,94,308,38,59,16,0,13,37,0,0,38,97,0,3,5,.192,.288,.370,.658
Willi Castro,DET,SS,24,90,308,42,66,12,5,7,34,4,1,19,86,3,3,6,.214,.271,.354,.625
Yadier Molina,STL,C,39,85,308,28,77,14,0,8,45,3,0,20,54,0,2,1,.250,.296,.373,.669
Trent Grisham,SD,OF,24,87,307,43,81,17,3,12,47,10,3,40,81,0,1,5,.264,.357,.456,.813
Manuel Margot,TB,OF,26,86,307,37,79,11,2,9,46,10,5,23,49,0,2,0,.257,.307,.394,.701
Tyler O'Neill,STL,OF,26,89,307,49,86,19,0,18,41,9,4,23,106,0,2,9,.280,.346,.518,.864
Andrew Benintendi,KC,OF,27,85,305,43,78,12,1,11,39,8,7,24,67,1,3,1,.256,.309,.410,.719
Sean Murphy,OAK,C,26,91,304,33,67,20,0,13,50,0,0,31,87,0,3,11,.220,.312,.414,.726
Joey Votto,CIN,1B,37,84,304,45,84,15,1,23,68,1,0,42,82,0,2,3,.276,.368,.559,.927
Austin Hays,BAL,OF,26,81,301,46,74,16,2,12,41,2,1,18,64,3,1,4,.246,.296,.432,.728
Akil Baddoo,DET,OF,22,93,300,44,80,18,6,10,45,14,4,31,89,0,2,0,.267,.333,.467,.800
Nicky Lopez,KC,2B,26,101,300,44,83,12,5,0,27,10,0,32,47,7,2,2,.277,.348,.350,.698
Ian Happ,CHC,OF,26,102,298,33,53,10,0,11,28,1,1,43,106,2,0,3,.178,.288,.322,.610
C.J. Cron,COL,1B,31,94,298,48,76,14,1,18,59,1,0,44,75,0,2,10,.255,.367,.490,.857
Ronald Acuna,ATL,OF,23,82,297,72,84,19,1,24,52,17,6,49,85,0,5,9,.283,.394,.596,.990
Nelson Cruz,MIN,DH,41,85,296,44,87,13,1,19,50,3,0,35,63,0,7,5,.294,.370,.537,.907
Jazz Chisholm,MIA,2B,23,79,294,41,74,10,3,11,36,11,7,24,95,1,2,3,.252,.313,.418,.731
Bobby Dalbec,BOS,1B,26,93,294,27,64,12,3,11,41,1,0,15,119,0,1,4,.218,.264,.391,.655
Leury Garcia,CWS,SS,30,92,294,42,70,13,3,3,40,3,1,33,79,6,3,2,.238,.316,.333,.649
Max Kepler,MIN,OF,28,80,291,41,60,13,3,14,42,8,0,30,72,0,3,5,.206,.289,.416,.705
Will Smith,LAD,C,26,92,291,49,76,14,2,15,52,2,0,40,68,0,5,12,.261,.368,.478,.846
Gregory Polanco,PIT,OF,29,91,289,32,58,8,2,11,32,13,0,34,92,0,6,1,.201,.282,.356,.638
Wilmer Flores,SF,2B,30,102,288,44,71,11,1,14,39,1,0,32,43,0,3,3,.247,.325,.438,.763
James McCann,NYM,C,31,94,288,22,70,9,0,9,34,0,1,25,86,0,1,2,.243,.307,.368,.675
Odubel Herrera,PHI,OF,29,80,285,37,70,18,1,8,34,4,1,21,51,0,5,4,.246,.302,.400,.702
Josh Donaldson,MIN,3B,35,88,285,46,69,15,0,16,45,0,0,52,67,0,7,1,.242,.354,.463,.817
Eddie Rosario,CLE,OF,29,78,283,29,72,15,1,7,46,9,2,17,47,2,3,1,.254,.296,.389,.685
AJ Pollock,LAD,OF,33,86,282,38,87,22,0,14,46,6,0,19,62,0,1,4,.309,.359,.535,.894
Justin Upton,LAA,OF,33,79,282,45,64,12,0,15,36,4,1,36,93,0,2,1,.227,.315,.429,.744
Gary Sanchez,NYY,C,28,84,278,43,60,12,1,17,39,0,0,43,90,0,0,4,.216,.329,.450,.779
Kolten Wong,MIL,2B,30,73,278,44,78,18,1,8,26,8,5,18,53,0,3,7,.281,.337,.439,.776
Gavin Lux,LAD,2B,23,82,278,39,63,10,3,6,37,3,1,31,74,0,2,2,.227,.307,.349,.656
Jonathan Villar,NYM,2B,30,93,277,39,65,12,1,12,26,8,5,29,78,1,0,2,.235,.312,.415,.727
Donovan Solano,SF,2B,33,82,275,29,76,16,0,5,27,2,0,20,55,1,4,5,.276,.332,.389,.721
Jacob Stallings,PIT,C,31,84,274,28,65,16,1,8,42,0,0,35,66,0,0,2,.237,.328,.391,.719
Luis Arraez,MIN,2B,24,78,274,42,87,12,4,1,27,1,1,28,31,0,4,2,.318,.380,.401,.781
Paul DeJong,STL,SS,28,81,271,37,54,6,0,15,35,3,0,28,77,0,0,7,.199,.291,.387,.678
Jurickson Profar,SD,2B,28,100,271,37,65,15,1,2,24,10,4,41,48,1,2,2,.240,.342,.325,.667
Omar Narvaez,MIL,C,29,86,269,44,76,14,0,10,35,0,0,34,55,0,4,6,.283,.371,.446,.817
Victor Robles,WAS,OF,24,94,267,30,54,17,1,2,15,8,5,32,73,3,1,14,.202,.318,.296,.614
Christian Walker,ARI,1B,30,73,266,33,61,14,1,5,29,0,0,20,67,0,2,3,.229,.289,.346,.635
Martin Maldonado,HOU,C,34,82,265,31,48,9,1,8,27,0,0,31,93,0,0,4,.181,.277,.313,.590
Kyle Schwarber,WAS,OF,28,72,265,42,67,9,0,25,53,1,1,31,88,0,2,5,.253,.340,.570,.910
Joshua Fuentes,COL,1B,28,90,263,30,60,11,1,7,32,0,0,12,63,0,1,0,.228,.261,.357,.618
Harold Ramirez,CLE,OF,26,76,261,26,68,17,1,6,30,3,0,12,42,0,2,4,.261,.301,.402,.703
Anthony Santander,BAL,OF,26,71,261,30,64,19,0,9,31,0,1,17,65,1,4,2,.245,.292,.421,.713
Dylan Moore,SEA,2B,29,88,258,31,47,10,1,10,36,17,3,30,91,0,1,4,.182,.276,.345,.621
Jason Heyward,CHC,OF,32,83,258,28,51,12,1,6,22,5,0,24,58,0,0,2,.198,.271,.322,.593
Franmil Reyes,CLE,DH,26,69,257,37,69,12,2,20,53,3,0,23,90,0,1,1,.268,.330,.564,.894
Joc Pederson,CHC,OF,29,73,256,35,59,11,2,11,39,2,3,22,74,0,4,5,.230,.300,.418,.718
Yonathan Daza,COL,OF,27,86,255,23,75,11,2,2,29,2,1,18,49,5,1,2,.294,.344,.376,.720
Willy Adames,MIL,SS,25,69,255,46,76,20,0,16,46,2,2,35,70,0,0,0,.298,.383,.565,.948
Buster Posey,SF,C,34,74,255,50,85,13,0,14,38,0,0,41,55,0,0,1,.333,.428,.549,.977
Guillermo Heredia,ATL,OF,30,84,253,38,60,25,0,4,23,0,0,24,68,0,1,6,.237,.317,.383,.700
Tucker Barnhart,CIN,C,30,83,252,34,67,18,0,6,36,0,0,22,78,0,1,6,.266,.338,.409,.747
Trevor Larnach,MIN,OF,24,76,251,29,57,12,0,7,27,1,0,29,100,0,2,8,.227,.324,.359,.683
Pedro Severino,BAL,C,28,76,250,25,59,10,0,9,29,0,0,27,71,0,3,0,.236,.307,.384,.691
Rougned Odor,NYY,2B,27,76,249,32,55,10,0,13,35,0,1,22,71,1,0,7,.221,.302,.418,.720
Freddy Galvis,BAL,2B,31,72,249,36,62,12,1,9,26,1,0,18,58,2,1,3,.249,.306,.414,.720
Tyler Stephenson,CIN,C,24,92,248,44,70,15,0,6,34,0,0,31,52,0,4,6,.282,.370,.415,.785
Cavan Biggio,TOR,2B,26,77,246,26,53,10,1,7,26,3,1,37,78,1,4,1,.215,.316,.350,.666
Brett Gardner,NYY,OF,37,95,246,31,51,9,2,4,21,1,0,44,69,5,5,2,.207,.327,.309,.636
Kevin Kiermaier,TB,OF,31,82,241,32,56,12,2,2,24,7,1,20,71,0,2,3,.232,.297,.324,.621
Yermin Mercedes,CWS,DH,28,68,240,26,65,9,1,7,37,0,1,20,46,0,1,1,.271,.328,.404,.732
Michael Conforto,NYM,OF,28,78,239,24,48,12,0,7,25,0,0,39,64,0,1,8,.201,.331,.339,.670
Eric Haase,DET,C,28,66,239,38,57,10,1,18,46,2,0,15,84,0,1,2,.238,.288,.515,.803
Victor Caratini,SD,C,27,89,238,24,54,7,0,6,33,2,0,31,66,0,4,3,.227,.319,.332,.651
Jeff McNeil,NYM,2B,29,75,237,29,63,12,0,6,25,2,0,21,35,0,0,7,.266,.343,.392,.735
Asdrubal Cabrera,ARI,3B,35,77,237,32,59,17,0,7,39,1,0,33,58,0,3,2,.249,.342,.409,.751
Marwin Gonzalez,BOS,2B,32,75,234,24,47,14,0,2,18,3,1,18,68,1,1,8,.201,.280,.286,.566
Starling Marte,MIA,OF,32,64,233,52,71,11,1,7,25,22,3,32,57,1,1,8,.305,.405,.451,.856
Jon Berti,MIA,2B,31,85,233,35,49,10,1,4,19,8,4,32,61,1,2,3,.210,.311,.313,.624
Josh Naylor,CLE,OF,24,69,233,28,59,13,0,7,21,1,0,14,45,0,0,2,.253,.301,.399,.700
Alex Dickerson,SF,OF,31,87,231,28,51,6,2,12,36,1,0,18,64,0,0,4,.221,.289,.420,.709
Kevin Pillar,NYM,OF,32,87,231,27,49,7,1,9,26,2,2,8,60,0,0,3,.212,.248,.368,.616
Mike Zunino,TB,C,30,77,230,42,46,9,0,21,40,0,0,26,99,0,1,5,.200,.294,.513,.807
Christian Yelich,MIL,OF,29,71,230,45,52,9,1,6,29,7,1,51,79,0,1,3,.226,.372,.352,.724
Alex Bregman,HOU,3B,27,59,229,37,63,14,0,7,34,1,0,29,42,0,2,2,.275,.359,.428,.787
Didi Gregorius,PHI,SS,31,61,224,24,48,8,2,10,34,3,0,12,45,0,4,5,.214,.265,.402,.667
Austin Slater,SF,OF,28,96,221,28,50,7,1,9,25,9,2,23,73,0,0,1,.226,.302,.389,.691
Erik Gonzalez,PIT,SS,29,71,220,17,51,7,1,2,21,2,2,8,40,0,1,0,.232,.258,.300,.558
Juan Lagares,LAA,OF,32,74,219,30,52,17,1,2,25,1,1,8,46,1,1,1,.237,.266,.352,.618
Yan Gomes,WAS,C,34,63,218,30,59,11,1,9,35,0,0,13,47,0,0,4,.271,.323,.454,.777
Elias Diaz,COL,C,30,68,218,31,50,9,0,13,29,0,0,22,40,0,1,0,.229,.299,.450,.749
DJ Stewart,BAL,OF,27,76,217,31,43,8,0,8,25,0,0,34,75,0,0,3,.198,.315,.346,.661
Steven Duggar,SF,OF,27,83,217,36,58,13,2,7,28,6,0,22,74,0,0,2,.267,.340,.442,.782
Anthony Rendon,LAA,3B,31,58,217,24,52,13,0,6,34,0,0,29,41,0,2,1,.240,.329,.382,.711
Ke'Bryan Hayes,PIT,3B,24,59,216,26,54,13,1,5,23,2,1,22,53,0,1,1,.250,.321,.389,.710
Alex Kirilloff,MIN,OF,23,59,215,23,54,11,1,8,34,1,1,14,52,0,1,1,.251,.299,.423,.722
Garrett Cooper,MIA,1B,30,71,215,30,61,10,1,9,33,1,1,30,68,0,1,4,.284,.380,.465,.845
Ha-Seong Kim,SD,SS,25,87,215,22,46,10,2,6,31,5,1,15,54,1,3,4,.214,.274,.363,.637
Tony Kemp,OAK,2B,29,88,214,33,52,12,2,4,19,5,1,38,47,4,4,4,.243,.362,.374,.736
Luis Torrens,SEA,C,25,66,214,26,44,7,1,12,25,0,0,21,64,0,1,1,.206,.278,.416,.694
Brad Miller,PHI,3B,31,93,210,35,48,4,2,12,32,3,0,27,74,0,0,0,.229,.316,.438,.754
Jorge Alfaro,MIA,C,28,66,208,13,49,11,1,3,17,6,0,9,75,0,0,4,.236,.281,.341,.622
Niko Goodrum,DET,2B,29,64,207,30,46,5,1,6,19,12,4,22,84,0,2,3,.222,.303,.343,.646
Phillip Evans,PIT,3B,28,72,207,22,43,5,0,5,16,1,0,27,53,0,0,5,.208,.314,.304,.618
Brendan Rodgers,COL,2B,25,59,206,26,59,10,2,9,28,0,0,14,47,0,1,6,.286,.348,.485,.833
Harold Castro,DET,OF,27,68,206,22,58,5,0,1,23,0,1,13,51,4,3,0,.282,.320,.320,.640
David Dahl,TEX,OF,27,63,205,19,43,11,0,4,18,2,1,10,59,1,3,1,.210,.247,.322,.569
Corey Dickerson,MIA,OF,32,63,205,27,54,12,3,2,14,2,4,16,45,0,1,3,.263,.324,.380,.704
Willie Calhoun,TEX,OF,26,59,205,23,52,8,2,5,19,0,2,19,27,0,0,2,.254,.323,.385,.708
Taylor Ward,LAA,OF,27,63,204,31,49,14,0,8,31,1,1,19,55,2,1,6,.240,.322,.426,.748
Ben Gamel,PIT,OF,29,70,204,26,56,13,1,6,18,0,3,25,58,2,2,0,.275,.351,.436,.787
Tyrone Taylor,MIL,OF,27,78,201,28,48,7,3,9,35,5,1,18,50,0,1,7,.239,.322,.438,.760
Nick Madrigal,CWS,2B,24,54,200,30,61,10,4,2,21,1,2,11,17,0,1,3,.305,.349,.425,.774
Eli White,TEX,OF,27,64,198,26,35,6,1,6,15,4,3,18,66,0,0,4,.177,.259,.308,.567
Seth Brown,OAK,OF,29,82,197,29,41,7,1,14,32,3,0,21,59,0,1,1,.208,.286,.467,.753
Tom Murphy,SEA,C,30,68,197,26,40,8,0,8,22,0,0,25,79,0,2,1,.203,.293,.365,.658
Patrick Wisdom,CHC,1B,29,67,195,35,52,7,0,17,35,3,1,19,82,0,0,1,.267,.335,.564,.899
David Bote,CHC,2B,28,65,195,21,39,9,0,6,29,0,1,18,47,1,2,3,.200,.275,.338,.613
Jonah Heim,TEX,C,26,62,195,18,40,10,0,8,21,2,1,10,42,1,1,1,.205,.246,.379,.625
Charlie Culberson,TEX,OF,32,69,194,17,45,11,2,3,17,5,0,14,53,4,1,1,.232,.286,.356,.642
Brett Phillips,TB,OF,27,89,193,37,41,8,2,8,30,12,3,26,87,2,1,1,.212,.308,.399,.707
Pat Valaika,BAL,2B,28,72,193,13,37,5,0,4,21,1,1,14,57,1,2,2,.192,.251,.280,.531
Cody Bellinger,LAD,1B,26,54,192,30,34,4,2,7,24,2,0,25,58,0,2,1,.177,.273,.328,.601
Phil Gosselin,LAA,OF,32,65,192,19,52,9,0,3,28,0,1,14,45,0,1,2,.271,.325,.365,.690
Ryan Zimmerman,WAS,1B,36,78,192,21,47,11,0,11,37,0,0,11,54,0,0,0,.245,.286,.474,.760
Mitch Moreland,OAK,1B,35,69,191,21,43,9,0,7,24,0,0,16,54,0,3,1,.225,.284,.382,.666
Ronald Torreyes,PHI,SS,28,67,191,22,50,8,0,5,27,1,1,14,23,3,1,1,.262,.314,.382,.696
Brock Holt,TEX,3B,33,64,190,18,38,12,0,2,16,5,1,21,37,0,1,1,.200,.282,.295,.577
Adam Eaton,CWS,OF,32,58,189,33,38,8,2,5,28,2,0,20,55,4,0,6,.201,.298,.344,.642
LaMonte Wade,SF,OF,27,61,189,31,46,8,2,13,33,3,0,21,52,2,1,3,.243,.327,.513,.840
Marcell Ozuna,ATL,OF,30,48,188,21,40,6,0,7,26,0,0,19,46,0,0,1,.213,.288,.356,.644
Brandon Belt,SF,1B,33,60,188,36,49,8,2,15,35,3,1,30,69,0,1,2,.261,.367,.564,.931
Chas McCormick,HOU,OF,26,73,187,36,48,10,0,11,38,3,1,14,66,0,6,3,.257,.310,.487,.797
Harrison Bader,STL,OF,27,53,186,22,51,9,0,9,28,6,2,18,39,0,2,2,.274,.341,.468,.809
Jose Trevino,TEX,C,28,60,185,14,42,6,0,3,17,1,1,5,39,2,3,0,.227,.244,.308,.552
Clint Frazier,NYY,OF,26,66,183,20,34,9,0,5,15,2,0,32,65,0,0,3,.186,.317,.317,.634
Corey Seager,LAD,SS,27,46,181,26,50,10,2,5,25,1,0,21,34,0,1,4,.276,.362,.436,.798
Hanser Alberto,KC,2B,28,78,181,19,47,14,3,1,17,1,1,2,23,4,2,3,.260,.277,.387,.664
Yasmani Grandal,CWS,C,32,63,181,42,34,3,0,14,38,0,0,60,64,1,3,1,.188,.388,.436,.824
Austin Hedges,CLE,C,28,57,180,18,32,1,0,5,18,0,0,9,64,5,2,1,.178,.219,.267,.486
Max Stassi,LAA,C,30,55,178,32,52,6,1,10,25,0,0,17,60,0,1,5,.292,.368,.506,.874
Carson Kelly,ARI,C,27,59,178,27,44,6,1,8,27,0,0,35,46,0,4,5,.247,.378,.427,.805
Travis Shaw,MIL,3B,31,56,178,14,34,8,0,6,28,0,0,19,51,1,1,3,.191,.279,.337,.616
Brian Anderson,MIA,3B,28,50,178,17,44,7,0,5,18,4,0,17,54,0,0,2,.247,.320,.371,.691
Ji-Man Choi,TB,1B,30,57,177,25,43,9,0,8,33,0,0,31,61,0,0,2,.243,.362,.429,.791
Francisco Mejia,TB,C,25,60,174,22,46,10,3,5,25,0,0,12,38,1,1,6,.264,.332,.443,.775
Magneuris Sierra,MIA,OF,25,92,174,22,41,6,0,0,3,6,0,11,37,0,0,0,.236,.281,.270,.551
Edmundo Sosa,STL,2B,25,74,173,21,44,4,2,3,10,3,4,8,35,1,0,11,.254,.328,.353,.681
Brandon Nimmo,NYM,OF,28,55,173,27,49,12,0,2,15,2,2,37,57,1,0,2,.283,.415,.387,.802
Dom Nunez,COL,C,26,61,173,23,30,10,2,7,27,0,0,26,73,0,1,0,.173,.280,.376,.656
Darin Ruf,SF,OF,35,82,172,33,47,9,1,13,30,2,0,32,57,0,1,2,.273,.391,.564,.955
Daniel Vogelbach,MIL,1B,28,67,171,23,37,8,0,7,16,0,0,27,42,0,0,0,.216,.323,.386,.709
Matt Beaty,LAD,1B,28,93,171,28,43,3,1,4,30,1,1,19,36,0,0,8,.251,.354,.351,.705
Ramon Urias,BAL,2B,27,56,170,22,47,7,0,5,25,1,1,16,43,0,0,4,.276,.353,.406,.759
Eric Sogard,CHC,2B,35,78,169,16,42,6,1,1,12,3,1,9,30,0,2,0,.249,.283,.314,.597
Keston Hiura,MIL,2B,25,59,169,16,28,9,1,4,18,2,0,14,76,2,1,7,.166,.257,.302,.559
Sandy Leon,MIA,C,32,61,169,11,31,5,0,3,13,0,0,9,51,1,2,3,.183,.235,.266,.501
Aledmys Diaz,HOU,2B,31,46,168,22,48,13,0,6,29,0,1,5,28,0,0,7,.286,.333,.470,.803
George Springer,TOR,OF,31,45,168,37,47,12,1,14,33,2,1,22,47,0,1,1,.280,.365,.613,.978
Jarred Kelenic,SEA,OF,22,46,168,16,25,4,0,5,16,3,2,18,55,0,0,1,.149,.235,.262,.497
Ketel Marte,ARI,2B,27,45,166,27,59,16,0,4,23,1,0,13,26,0,1,1,.355,.403,.524,.927
Colin Moran,PIT,1B,28,52,165,11,45,10,0,4,23,1,0,15,49,0,1,2,.273,.339,.406,.745
Stephen Piscotty,OAK,OF,30,67,165,14,34,8,0,5,14,1,0,12,47,0,0,1,.206,.264,.345,.609
Nomar Mazara,DET,OF,26,50,165,12,35,5,2,3,19,0,0,15,45,0,1,0,.212,.276,.321,.597
Josh VanMeter,ARI,2B,26,72,162,16,33,13,2,3,21,2,1,21,54,0,1,1,.204,.297,.364,.661
Mitch Garver,MIN,C,30,54,162,24,36,10,0,13,28,0,1,23,56,0,0,2,.222,.326,.525,.851
Isan Diaz,MIA,2B,25,58,162,16,30,7,0,3,13,0,0,25,50,0,2,1,.185,.295,.284,.579
Ryan O'Hearn,KC,1B,28,53,161,18,38,2,1,9,26,0,0,7,54,0,3,0,.236,.263,.429,.692
Matt Carpenter,STL,3B,35,95,161,15,32,9,1,3,21,2,0,26,61,0,1,6,.199,.330,.323,.653
Evan Longoria,SF,3B,35,50,161,28,45,11,0,9,30,1,1,25,42,0,0,0,.280,.376,.516,.892
Ryan Jeffers,MIN,C,24,51,160,15,34,6,1,9,27,0,0,19,62,0,0,0,.213,.296,.431,.727
Mauricio Dubon,SF,2B,27,66,158,18,37,7,0,5,20,2,1,8,38,0,2,1,.234,.272,.373,.645
Bradley Zimmer,CLE,OF,28,56,158,22,39,4,1,4,20,8,2,17,65,0,1,10,.247,.355,.361,.716
Willians Astudillo,MIN,C,29,55,157,15,42,7,0,6,18,0,0,2,11,0,1,3,.268,.288,.427,.715
Zack Collins,CWS,DH,26,63,157,20,31,10,0,4,23,1,1,26,58,1,0,1,.197,.315,.338,.653
Zach McKinstry,LAD,2B,26,58,157,19,34,9,0,7,29,1,1,10,49,1,2,1,.217,.265,.408,.673
Kurt Suzuki,LAA,C,37,51,157,11,34,4,0,3,9,0,0,8,33,2,1,8,.217,.287,.299,.586
Taylor Trammell,SEA,OF,23,51,156,23,25,7,0,8,18,2,3,17,75,2,0,3,.160,.256,.359,.615
Christian Arroyo,BOS,3B,26,50,155,21,42,12,0,6,25,1,0,7,41,1,0,6,.271,.327,.465,.792
Reese McGuire,TOR,C,26,59,154,21,42,13,0,1,8,0,0,13,32,1,0,1,.273,.333,.377,.710
Miguel Andujar,NYY,OF,26,45,154,19,39,2,0,6,12,0,1,7,28,0,1,0,.253,.284,.383,.667
Santiago Espinal,TOR,SS,26,68,153,20,45,8,1,2,13,3,1,12,23,0,0,0,.294,.345,.399,.744
Mike Tauchman,SF,OF,30,64,152,21,27,4,0,4,15,1,3,22,52,0,0,1,.178,.286,.283,.569
Brian Goodwin,CWS,OF,30,45,151,26,37,9,1,7,22,0,0,18,37,1,1,0,.245,.324,.457,.781
Josh Reddick,ARI,OF,34,54,151,15,39,11,0,2,21,0,0,6,31,0,1,0,.258,.285,.371,.656
Austin Barnes,LAD,C,31,56,150,21,34,7,0,4,17,0,0,19,43,1,0,4,.227,.329,.353,.682
Bobby Bradley,CLE,1B,25,46,150,26,32,7,0,11,25,0,0,18,62,0,1,5,.213,.316,.480,.796
Albert Pujols,LAD,1B,41,56,148,15,39,3,0,9,32,1,0,8,24,0,1,2,.264,.308,.466,.774
Ehire Adrianza,ATL,SS,31,82,146,27,37,8,2,4,25,0,0,18,32,1,3,2,.253,.337,.418,.755
Wander Franco,TB,SS,20,36,145,21,35,4,3,4,19,2,1,13,30,0,1,0,.241,.302,.393,.695
Lorenzo Cain,MIL,OF,35,42,144,24,37,5,0,4,18,7,1,15,27,0,1,2,.257,.333,.375,.708
Mike Brosseau,TB,2B,27,55,143,20,26,8,0,4,17,2,0,15,53,0,2,2,.182,.265,.322,.587
Wilmer Difo,PIT,SS,29,73,143,15,37,7,2,3,15,0,0,14,40,0,1,0,.259,.323,.399,.722
Andy Ibanez,TEX,2B,28,46,143,14,30,5,1,4,13,0,0,8,20,0,1,2,.210,.260,.343,.603
William Contreras,ATL,C,23,44,142,16,29,3,1,7,21,0,0,13,50,0,1,2,.204,.278,.387,.665
Rafael Ortega,CHC,OF,30,58,142,18,47,7,1,6,16,7,5,11,38,1,0,1,.331,.383,.521,.904
Curt Casali,SF,C,32,53,142,15,32,9,1,5,21,0,0,20,44,1,0,2,.225,.329,.408,.737
Abraham Almonte,ATL,OF,32,57,142,19,32,12,0,5,19,0,1,24,34,0,1,0,.225,.335,.415,.750
Michael Perez,PIT,C,29,47,141,14,23,6,1,7,16,0,0,12,42,0,0,2,.163,.239,.369,.608
Jace Peterson,MIL,OF,31,54,139,23,32,6,1,4,21,7,0,27,37,0,2,1,.230,.355,.374,.729
Rowdy Tellez,TOR,1B,26,50,139,12,29,4,1,4,8,0,0,9,33,0,0,3,.209,.272,.338,.610
Andrew Stevenson,WAS,OF,27,71,138,17,29,5,0,3,13,1,1,9,47,2,1,3,.210,.272,.312,.584
Daulton Varsho,ARI,C,25,53,137,21,27,6,0,5,16,3,0,21,39,0,0,0,.197,.304,.350,.654
Kelvin Gutierrez,KC,3B,26,38,135,9,29,4,2,1,8,0,1,6,31,0,0,1,.215,.254,.296,.550
Jake Fraley,SEA,OF,26,48,134,20,30,3,0,7,26,8,1,37,48,0,1,1,.224,.393,.403,.796
Nico Hoerner,CHC,2B,24,39,134,13,42,10,0,0,14,3,2,15,23,0,1,2,.313,.388,.388,.776
Matt Duffy,CHC,3B,30,53,134,20,32,4,0,1,12,4,1,14,31,0,1,4,.239,.327,.291,.618
Chad Pinder,OAK,2B,29,46,134,16,29,10,0,3,13,0,0,8,40,0,1,2,.216,.269,.358,.627
Stephen Vogt,ARI,C,36,52,132,17,28,6,1,5,17,0,0,18,36,1,0,0,.212,.307,.386,.693
Willy Adames,TB,SS,25,41,132,16,26,6,1,5,15,1,2,10,51,0,0,0,.197,.254,.371,.625
Shogo Akiyama,CIN,OF,33,68,132,16,28,6,0,0,10,2,3,12,29,0,1,4,.212,.295,.258,.553
Kyle Lewis,SEA,OF,26,36,130,15,32,4,0,5,11,2,0,16,37,0,0,1,.246,.333,.392,.725
Kole Calhoun,ARI,OF,33,35,130,11,31,6,0,3,10,1,0,9,30,0,0,0,.238,.288,.354,.642
Yu Chang,CLE,3B,25,55,130,15,24,7,1,2,16,1,0,6,39,0,1,0,.185,.219,.300,.519
Jake Bauers,SEA,1B,25,42,129,12,30,2,0,1,8,2,0,11,37,0,0,0,.233,.293,.271,.564
Jake Marisnick,CHC,OF,30,65,128,17,29,6,3,5,22,3,1,9,43,1,2,4,.227,.294,.438,.732
Jose Rojas,LAA,3B,28,46,128,19,27,13,0,4,10,2,0,8,37,0,0,1,.211,.263,.406,.669
Danny Mendick,CWS,2B,27,58,128,13,25,3,0,2,19,0,1,18,37,1,1,2,.195,.302,.266,.568
Jose Peraza,NYM,2B,27,52,127,20,26,7,0,6,19,0,0,7,23,0,0,3,.205,.263,.402,.665
Lewis Brinson,MIA,OF,27,47,127,13,34,10,0,5,20,0,0,5,39,0,0,1,.268,.301,.465,.766
Tomas Nido,NYM,C,27,49,127,15,30,4,1,3,13,0,0,5,33,0,0,3,.236,.281,.354,.635
Yadiel Hernandez,WAS,OF,33,69,126,18,39,4,0,4,13,3,0,11,31,0,1,1,.310,.367,.437,.804
Danny Jansen,TOR,C,26,49,125,16,22,5,0,5,10,0,0,12,35,1,0,2,.176,.259,.336,.595
Manny Pina,MIL,C,34,52,125,14,18,2,0,7,18,0,0,15,29,0,1,3,.144,.250,.328,.578
Kyle Higashioka,NYY,C,31,46,124,15,23,7,0,7,17,0,0,13,37,0,1,0,.185,.261,.411,.672
Franchy Cordero,BOS,OF,26,44,122,12,24,6,0,1,9,1,1,8,48,1,0,0,.197,.246,.270,.516
Luke Voit,NYY,1B,30,32,120,14,28,3,1,4,13,0,0,12,39,0,0,3,.233,.319,.375,.694
Wilson Ramos,DET,C,34,35,120,12,24,5,0,6,13,0,0,6,29,0,0,0,.200,.238,.392,.630
Justin Williams,STL,OF,25,51,119,10,19,0,0,4,11,0,1,17,46,0,0,1,.160,.270,.261,.531
Tim Locastro,ARI,OF,29,55,118,11,21,2,0,1,5,5,3,6,26,0,0,9,.178,.271,.220,.491
Victor Reyes,DET,OF,26,42,117,17,22,5,3,2,9,3,0,4,32,0,1,0,.188,.213,.333,.546
Mike Trout,LAA,OF,30,36,117,23,39,8,1,8,18,2,0,27,41,0,0,2,.333,.466,.624,1.090
Alcides Escobar,WAS,SS,34,29,117,19,33,7,1,1,8,0,0,5,16,2,0,7,.282,.349,.385,.734
Luis Guillorme,NYM,2B,26,57,116,13,34,3,0,1,4,0,2,22,17,1,0,0,.293,.406,.345,.751
Joe Panik,TOR,2B,30,42,114,9,28,6,0,2,11,0,0,8,14,0,1,0,.246,.293,.351,.644
Nick Maton,PHI,SS,24,48,114,15,30,7,1,2,13,2,0,9,38,1,1,2,.263,.325,.395,.720
Andrew Knapp,PHI,C,29,50,113,10,19,3,0,2,11,0,0,9,44,1,1,0,.168,.228,.248,.476
Taylor Walls,TB,SS,25,39,113,10,24,10,0,1,13,3,2,17,35,1,0,0,.212,.315,.327,.642
Jake Rogers,DET,C,26,38,113,17,27,5,3,6,17,1,0,11,46,3,0,0,.239,.306,.496,.802
Shed Long,SEA,2B,25,34,111,13,22,4,1,4,17,1,0,9,39,1,0,0,.198,.258,.360,.618
Nick Senzel,CIN,OF,26,36,111,18,28,4,0,1,8,2,5,12,16,0,1,0,.252,.323,.315,.638
Roberto Perez,CLE,C,32,34,110,10,15,2,0,6,15,1,0,15,45,2,0,1,.136,.246,.318,.564
Zack Short,DET,SS,26,40,110,15,16,3,0,5,17,1,0,18,48,0,6,0,.145,.254,.309,.563
Sergio Alcantara,CHC,SS,25,48,109,16,19,4,3,2,6,1,0,14,34,1,1,1,.174,.272,.321,.593
Abraham Toro,HOU,3B,24,35,109,17,23,1,0,6,20,3,1,9,21,0,1,3,.211,.287,.385,.672
Aaron Hicks,NYY,OF,31,32,108,13,21,3,0,4,14,0,0,14,30,0,2,2,.194,.294,.333,.627
Jason Castro,HOU,C,34,46,108,14,20,5,0,3,10,0,0,20,43,2,0,2,.185,.323,.315,.638
Jarrod Dyson,KC,OF,36,68,107,13,24,7,2,0,9,7,1,5,26,3,1,0,.224,.257,.327,.584
Robel Garcia,HOU,2B,28,46,106,8,16,3,0,1,8,0,0,8,42,1,1,1,.151,.216,.208,.424
John Nogowski,PIT,1B,28,30,106,12,28,7,0,1,13,0,1,11,18,0,1,0,.264,.331,.358,.689
Billy Hamilton,CWS,OF,30,57,106,19,24,8,2,2,11,8,0,3,38,2,1,0,.226,.245,.396,.641
Jake Cave,MIN,OF,28,45,105,10,19,5,1,1,2,1,0,8,40,1,0,3,.181,.259,.276,.535
Danny Santana,BOS,1B,30,33,105,11,18,2,1,4,13,3,1,7,27,0,0,1,.171,.230,.324,.554
Andrew Knizner,STL,C,26,42,105,15,20,6,0,1,5,0,0,17,24,0,0,2,.190,.315,.276,.591
Luis Robert,CWS,OF,24,27,103,11,32,10,1,1,9,4,1,7,30,0,1,0,.311,.351,.456,.807
Connor Joe,COL,OF,28,41,103,9,30,5,0,5,22,0,0,11,23,0,1,0,.291,.357,.485,.842
Byron Buxton,MIN,OF,27,27,103,21,38,11,0,10,19,5,0,4,25,0,0,3,.369,.409,.767,1.176
Jake Bauers,CLE,1B,25,43,100,7,19,3,0,2,6,0,1,12,27,0,0,0,.190,.277,.280,.557
JaCoby Jones,DET,OF,29,36,100,9,17,2,0,2,9,2,2,5,42,0,0,0,.170,.210,.250,.460
Kevin Plawecki,BOS,C,30,40,99,11,31,6,0,1,8,0,0,9,16,1,0,1,.313,.376,.404,.780
Adam Engel,CWS,OF,29,31,99,18,26,6,0,7,18,7,1,9,24,0,1,5,.263,.351,.535,.886
Kyle Garlick,MIN,OF,29,36,99,17,23,8,0,5,10,1,0,6,32,0,1,1,.232,.280,.465,.745
Jordan Luplow,CLE,OF,27,36,98,12,17,5,0,7,20,0,2,21,31,0,0,2,.173,.331,.439,.770
J.D. Davis,NYM,3B,28,38,98,12,28,6,0,4,12,0,0,14,38,0,0,4,.286,.397,.469,.866
Brent Rooker,MIN,OF,26,25,98,11,16,6,0,4,6,0,0,6,32,0,0,2,.163,.226,.347,.573
Evan White,SEA,1B,25,30,97,8,14,3,0,2,9,0,0,6,31,0,0,1,.144,.202,.237,.439
Sam Hilliard,COL,OF,27,41,97,17,22,4,1,8,16,1,0,9,37,0,0,0,.227,.292,.536,.828
Aristides Aquino,CIN,OF,27,47,96,14,22,5,1,7,14,1,2,15,42,0,2,1,.229,.333,.521,.854
Oscar Mercado,CLE,OF,26,33,96,12,21,4,1,2,7,3,1,10,19,0,0,0,.219,.292,.344,.636
Nick Gordon,MIN,SS,25,37,96,9,24,3,1,1,5,5,1,6,26,0,0,1,.250,.301,.333,.634
Travis Jankowski,PHI,OF,30,47,95,19,24,5,0,1,8,4,0,12,21,2,0,0,.253,.336,.337,.673
Mike Moustakas,CIN,2B,32,31,95,17,24,8,0,4,15,0,0,14,20,0,3,2,.253,.351,.463,.814
Billy McKinney,MIL,OF,26,40,92,9,19,3,1,3,6,1,0,7,24,0,1,0,.207,.260,.359,.619
Ryan McKenna,BAL,OF,24,58,92,16,17,1,1,1,6,1,0,16,37,1,0,0,.185,.306,.250,.556
Ka'ai Tom,PIT,OF,27,39,92,9,14,2,1,2,11,1,0,17,30,0,3,5,.152,.308,.261,.569
Kevan Smith,ATL,C,33,30,91,6,15,3,0,0,3,0,0,10,29,0,0,0,.165,.248,.198,.446
Billy McKinney,NYM,OF,26,39,91,15,20,6,1,5,14,1,0,11,31,0,0,0,.220,.304,.473,.777
Rio Ruiz,BAL,3B,27,32,90,10,15,3,0,3,6,2,0,9,29,1,0,1,.167,.250,.300,.550
Gavin Sheets,CWS,OF,25,29,89,10,20,5,0,6,16,0,0,9,20,0,1,0,.225,.293,.483,.776
Ernie Clement,CLE,SS,25,30,88,12,21,4,0,0,5,0,1,4,12,3,0,2,.239,.287,.284,.571
Aramis Garcia,OAK,C,28,32,88,8,18,1,0,3,7,0,0,1,28,2,0,3,.205,.239,.318,.557
Jorge Mateo,SD,OF,26,57,87,10,18,4,0,2,6,5,0,2,27,1,0,3,.207,.250,.322,.572
Jake Lamb,CWS,3B,30,33,87,16,19,2,0,5,10,0,0,13,30,0,0,1,.218,.327,.414,.741
Tommy La Stella,SF,2B,32,31,87,10,19,3,1,1,6,0,0,9,11,0,0,0,.218,.292,.310,.602
Jordy Mercer,WAS,SS,34,37,86,10,23,5,0,1,4,0,0,6,22,0,0,0,.267,.315,.360,.675
Andres Gimenez,CLE,SS,22,32,86,10,15,4,0,2,6,4,0,3,25,1,2,2,.174,.215,.291,.506
Sam Haggerty,SEA,OF,27,35,86,15,16,3,0,2,5,5,1,6,28,1,0,1,.186,.247,.291,.538
Luis Rengifo,LAA,2B,24,28,86,10,13,1,0,2,6,0,0,3,20,1,0,1,.151,.189,.233,.422
Albert Pujols,LAA,1B,41,24,86,9,17,0,0,5,12,1,0,3,13,0,0,3,.198,.250,.372,.622
Gerardo Parra,WAS,OF,34,38,85,12,20,5,0,2,10,1,0,3,26,1,1,2,.235,.275,.365,.640
Luke Williams,PHI,3B,25,47,85,7,21,4,0,1,6,1,2,8,21,0,0,0,.247,.312,.329,.641
Jesus Sanchez,MIA,OF,23,23,83,6,22,3,1,3,9,0,0,5,24,0,0,1,.265,.315,.434,.749
Jack Mayfield,LAA,SS,30,31,83,11,19,4,0,7,14,1,0,4,23,2,0,2,.229,.281,.530,.811
Owen Miller,CLE,2B,24,28,83,7,12,2,0,2,6,0,0,7,33,0,0,0,.145,.211,.241,.452
Travis d'Arnaud,ATL,C,32,23,82,5,18,4,0,2,11,0,0,4,20,0,1,0,.220,.253,.341,.594
Joc Pederson,ATL,OF,29,24,82,8,24,4,1,3,14,0,0,7,17,0,0,3,.293,.370,.476,.846
Tyler Wade,NYY,2B,26,69,81,21,20,2,1,0,4,8,3,9,21,0,0,0,.247,.322,.296,.618
Jason Martin,TEX,OF,25,36,81,6,12,2,0,3,6,2,1,8,23,0,0,0,.148,.225,.284,.509
Jose Marmolejos,SEA,OF,28,31,79,8,11,2,0,3,9,0,0,14,32,0,1,0,.139,.266,.278,.544
Michael Chavis,BOS,2B,26,31,79,12,15,4,1,2,6,1,1,1,32,0,1,1,.190,.207,.342,.549
Austin Nola,SD,C,31,30,79,6,24,6,0,1,20,0,0,11,9,0,2,4,.304,.406,.418,.824
Ender Inciarte,ATL,OF,30,52,79,11,17,2,0,2,10,1,0,7,22,2,1,0,.215,.276,.316,.592
Yoshi Tsutsugo,TB,3B,29,26,78,5,13,4,0,0,5,0,0,8,27,1,0,0,.167,.244,.218,.462
Derek Hill,DET,OF,25,28,76,13,19,0,1,1,8,6,2,10,20,0,0,1,.250,.345,.316,.661
Thairo Estrada,SF,2B,25,31,76,12,23,2,0,3,13,1,0,8,17,0,0,1,.303,.376,.447,.823
Austin Wynns,BAL,C,30,23,74,8,13,4,0,2,8,0,0,4,18,0,0,0,.176,.218,.311,.529
Daniel Robertson,MIL,2B,27,50,73,10,12,2,0,2,4,0,0,12,28,1,1,3,.164,.303,.274,.577
Joe Panik,MIA,2B,30,30,73,5,12,1,0,1,4,2,0,7,11,1,0,1,.164,.247,.219,.466
Cam Gallagher,KC,C,28,31,73,3,12,3,0,0,1,0,0,6,15,1,1,0,.164,.225,.205,.430
Taylor Jones,HOU,1B,27,25,73,6,15,5,0,1,10,0,0,4,20,0,1,0,.205,.244,.315,.559
Pablo Sandoval,ATL,1B,35,69,73,11,13,0,0,4,11,0,0,11,25,0,0,2,.178,.302,.342,.644
Stevie Wilkerson,BAL,OF,29,31,72,5,12,3,0,0,2,2,0,3,30,0,0,1,.167,.211,.208,.419
Jason Vosler,SF,3B,27,40,71,12,13,4,0,3,9,2,0,7,19,0,1,1,.183,.263,.366,.629
Tres Barrera,WAS,C,26,23,70,7,17,3,1,1,7,0,0,6,17,0,0,4,.243,.338,.357,.695
Ben Rortvedt,MIN,C,23,30,70,5,9,1,0,2,5,0,0,5,24,2,0,1,.129,.197,.229,.426
Alex Blandino,CIN,2B,28,43,70,9,14,4,0,0,5,1,0,8,28,0,0,4,.200,.317,.257,.574
Jonathan Davis,TOR,OF,29,52,70,16,10,1,0,1,4,4,1,11,21,0,1,3,.143,.282,.200,.482
Brandon Drury,NYM,3B,28,38,69,7,21,5,0,4,13,0,0,3,16,0,0,1,.304,.342,.551,.893
Rowdy Tellez,MIL,1B,26,25,69,10,22,3,0,5,18,0,0,9,10,0,1,1,.319,.400,.580,.980
Rob Refsnyder,MIN,OF,30,23,68,14,21,5,0,2,10,0,0,9,20,0,1,0,.309,.385,.471,.856
Brandon Marsh,LAA,OF,23,23,67,6,11,4,0,0,2,2,0,10,28,0,0,0,.164,.273,.224,.497
Alejandro Kirk,TOR,C,22,26,66,10,18,4,0,3,9,0,0,8,12,0,1,1,.273,.355,.470,.825
Alex Avila,WAS,C,34,24,66,4,11,6,1,0,6,0,0,17,30,1,0,1,.167,.345,.288,.633
Sheldon Neuse,LAD,2B,26,33,65,6,11,1,0,3,4,1,1,1,26,0,0,0,.169,.182,.323,.505
Domingo Leyba,BAL,2B,25,21,65,6,10,1,0,1,4,0,0,6,16,0,0,1,.154,.236,.215,.451
Chance Sisco,BAL,C,26,23,65,4,10,2,0,0,3,0,0,6,18,0,0,2,.154,.247,.185,.432
Cristian Pache,ATL,OF,22,22,63,6,7,3,0,1,4,0,0,2,25,2,0,1,.111,.152,.206,.358
Donovan Walton,SEA,SS,27,23,63,6,13,2,1,2,7,1,0,4,15,2,0,0,.206,.254,.365,.619
Jarren Duran,BOS,OF,24,19,61,8,13,1,1,2,5,1,0,2,24,0,1,0,.213,.234,.361,.595
Luis Garcia,WAS,2B,21,24,61,9,12,2,1,3,5,0,0,4,12,0,0,0,.197,.246,.410,.656
Chad Wallach,MIA,C,29,23,60,2,12,2,1,0,6,0,0,3,32,0,2,1,.200,.242,.267,.509
Mike Ford,NYY,1B,29,22,60,6,8,0,0,3,5,0,0,11,23,0,0,1,.133,.278,.283,.561
Will Craig,PIT,1B,26,18,60,5,13,2,0,1,3,0,0,5,22,0,0,0,.217,.277,.300,.577
Gilberto Celestino,MIN,OF,22,23,59,7,8,3,0,2,3,0,0,3,14,0,0,0,.136,.177,.288,.465
Rodolfo Castro,PIT,2B,22,21,59,8,12,1,0,5,8,0,0,4,15,0,0,1,.203,.266,.475,.741
Mike Freeman,CIN,2B,34,37,59,6,11,0,0,0,3,1,1,5,20,0,0,1,.186,.262,.186,.448
Luke Raley,LAD,OF,26,30,59,3,10,1,0,1,2,0,0,2,22,0,0,4,.169,.246,.237,.483
Webster Rivas,SD,C,31,21,59,6,13,2,0,2,4,0,0,7,14,1,0,0,.220,.303,.356,.659
Grayson Greiner,DET,C,28,22,58,5,14,3,0,1,7,0,0,4,25,0,0,0,.241,.290,.345,.635
Daz Cameron,DET,OF,24,18,58,10,12,2,0,3,9,4,0,5,19,0,0,0,.207,.270,.397,.667
Edward Olivares,KC,OF,25,20,57,7,14,0,0,4,6,2,0,1,12,0,0,2,.246,.283,.456,.739
Adam Eaton,LAA,OF,32,22,57,5,13,2,0,1,2,1,0,2,13,0,1,0,.228,.250,.316,.566
Cal Raleigh,SEA,C,24,18,57,3,10,3,0,1,10,0,0,3,18,0,1,0,.175,.213,.281,.494
Andrew Young,ARI,2B,27,45,57,11,13,3,0,6,14,0,0,4,33,0,1,5,.228,.328,.596,.924
Nelson Cruz,TB,DH,41,14,57,8,11,2,0,4,10,0,0,5,19,0,0,0,.193,.258,.439,.697
Pablo Reyes,MIL,OF,27,38,56,8,12,3,0,0,2,2,0,4,13,0,0,0,.214,.267,.268,.535
Rene Rivera,CLE,C,38,21,55,6,13,3,0,2,9,0,0,4,24,3,0,1,.236,.300,.400,.700
Seby Zavala,CWS,C,27,20,52,10,11,2,0,3,9,0,0,5,22,2,0,1,.212,.293,.423,.716
Roman Quinn,PHI,OF,28,28,52,8,9,2,2,0,2,4,3,6,19,0,0,4,.173,.306,.288,.594
Khris Davis,TEX,DH,33,22,51,8,8,1,1,2,5,0,0,8,16,0,2,0,.157,.262,.333,.595
Edwin Rios,LAD,3B,27,25,51,4,4,0,0,1,1,0,0,7,18,0,0,2,.078,.217,.137,.354
Orlando Arcia,ATL,SS,27,18,50,5,11,1,0,2,10,1,0,4,14,0,1,0,.220,.273,.360,.633
Matt Joyce,PHI,OF,37,36,50,5,5,1,0,2,6,0,0,10,14,0,1,1,.100,.258,.240,.498
Lane Thomas,STL,OF,25,32,48,2,5,1,0,0,1,2,1,10,17,0,0,0,.104,.259,.125,.384
Stephen Vogt,ATL,C,36,16,48,4,8,0,0,0,5,0,0,7,12,0,1,0,.167,.268,.167,.435
Abraham Toro,SEA,3B,24,13,48,10,17,4,0,3,7,1,0,5,5,0,0,2,.354,.436,.625,1.061
Carter Kieboom,WAS,3B,23,17,48,7,12,1,0,2,7,0,0,7,13,0,1,1,.250,.351,.396,.747
Adam Frazier,SD,2B,29,12,47,9,14,2,0,0,1,1,0,2,4,1,0,1,.298,.340,.340,.680
Leody Taveras,TEX,OF,22,15,46,2,4,0,0,0,1,2,0,3,23,0,0,1,.087,.160,.087,.247
Skye Bolt,OAK,OF,27,23,46,2,5,1,0,1,3,1,0,0,10,2,0,0,.109,.109,.196,.305
Myles Straw,CLE,OF,26,11,46,8,14,3,0,1,3,2,0,2,9,0,0,0,.304,.333,.435,.768
Jose Rondon,STL,2B,27,38,46,8,12,0,0,1,3,2,0,5,9,0,1,0,.261,.327,.326,.653
Brian O'Grady,SD,OF,29,29,46,8,8,3,0,2,9,0,0,8,15,1,1,0,.174,.291,.370,.661
Joey Gallo,NYY,OF,27,12,45,7,7,4,0,1,3,0,0,8,22,0,0,0,.156,.283,.311,.594
Albert Almora,NYM,OF,27,35,45,2,6,3,0,0,0,0,0,1,15,0,0,0,.133,.152,.200,.352
Starling Marte,OAK,OF,32,10,45,9,18,2,0,2,6,8,0,3,8,0,0,0,.400,.438,.578,1.016
Max Schrock,CIN,2B,26,22,45,6,14,4,1,2,7,0,0,4,12,0,0,0,.311,.367,.578,.945
Daniel Johnson,CLE,OF,26,17,44,4,9,0,0,2,2,1,0,1,15,0,0,0,.205,.222,.341,.563
Tucupita Marcano,SD,2B,21,25,44,7,8,1,0,0,3,0,1,6,9,0,0,0,.182,.280,.205,.485
Chris Owings,COL,2B,29,21,43,9,14,4,3,1,5,2,1,7,15,0,0,0,.326,.420,.628,1.048
Wyatt Mathisen,ARI,3B,27,23,42,3,5,0,0,1,8,0,0,5,21,0,1,3,.119,.255,.190,.445
Curtis Terry,TEX,1B,24,12,42,3,4,2,0,0,1,0,0,2,14,0,0,1,.095,.156,.143,.299
Alan Trejo,COL,SS,25,26,41,7,10,2,0,1,3,0,0,3,12,0,1,0,.244,.289,.366,.655
Bryan De La Cruz,MIA,OF,24,12,41,1,10,1,0,0,2,0,0,1,13,0,0,0,.244,.262,.268,.530
Eloy Jimenez,CWS,OF,24,11,41,6,11,4,0,5,14,0,0,2,12,0,0,0,.268,.302,.732,1.034
Eduardo Escobar,MIL,3B,32,11,41,7,13,3,1,2,7,0,0,5,8,0,0,0,.317,.391,.585,.976
Jose Devers,MIA,SS,21,21,41,7,10,3,0,0,5,0,0,3,11,0,1,1,.244,.304,.317,.621
Dustin Fowler,PIT,OF,26,18,41,3,7,1,0,0,2,1,0,3,20,0,1,1,.171,.239,.195,.434
Jared Oliva,PIT,OF,25,20,40,4,7,2,0,0,2,2,0,3,10,0,0,0,.175,.233,.225,.458
Kean Wong,LAA,2B,26,19,40,2,7,2,1,0,5,0,1,1,11,3,0,0,.175,.195,.275,.470
Billy McKinney,LAD,OF,26,14,40,4,8,1,0,0,3,0,0,8,9,0,0,0,.200,.333,.225,.558
Cesar Hernandez,CWS,2B,31,11,39,8,11,0,0,2,3,0,1,8,6,0,0,0,.282,.404,.436,.840
Isaac Paredes,DET,3B,22,14,39,4,10,1,1,1,4,0,0,6,5,0,2,0,.256,.340,.410,.750
Jake Burger,CWS,3B,25,15,38,5,10,3,1,1,3,0,0,4,15,0,0,0,.263,.333,.474,.807
Greg Allen,NYY,OF,28,15,37,9,10,4,1,0,2,5,0,5,13,0,1,5,.270,.417,.432,.849
Jose Godoy,SEA,C,26,16,37,2,6,1,0,0,3,0,0,3,14,0,0,0,.162,.225,.189,.414
Chris Gittens,NYY,1B,27,16,36,1,4,0,0,1,5,0,0,7,13,0,1,0,.111,.250,.194,.444
Matt Adams,COL,DH,32,22,36,3,6,1,0,0,2,0,0,4,9,0,0,0,.167,.250,.194,.444
Adalberto Mondesi,KC,SS,26,10,36,6,13,5,0,4,9,1,1,1,11,1,0,0,.361,.378,.833,1.211
Adam Duvall,ATL,OF,32,10,35,5,8,1,0,3,10,0,0,4,12,0,0,1,.229,.325,.514,.839
Anthony Alford,PIT,OF,27,14,35,2,6,2,0,0,1,1,2,4,22,0,0,1,.171,.275,.229,.504
Kris Bryant,SF,3B,29,9,35,6,11,4,0,1,4,1,0,4,5,0,0,0,.314,.385,.514,.899
Robinson Chirinos,CHC,C,37,22,35,4,7,1,0,3,4,0,0,6,13,0,0,0,.200,.317,.486,.803
Todd Frazier,PIT,3B,35,13,35,3,3,1,0,0,4,0,0,3,6,0,0,2,.086,.200,.114,.314
Nick Heath,ARI,OF,27,20,35,3,5,1,0,0,1,0,2,4,15,0,0,0,.143,.231,.171,.402
Jack Mayfield,SEA,SS,30,12,34,2,6,1,0,0,3,0,0,1,10,0,0,0,.176,.200,.206,.406
Jay Bruce,NYY,OF,34,10,34,3,4,1,0,1,3,0,0,5,13,0,0,0,.118,.231,.235,.466
Javier Baez,NYM,SS,28,9,34,4,6,0,0,2,3,0,0,2,13,0,0,0,.176,.222,.353,.575
Scott Schebler,LAA,OF,30,14,34,3,5,3,0,0,0,0,0,0,17,0,0,0,.147,.147,.235,.382
Luis Campusano,SD,C,22,11,34,0,3,0,0,0,1,0,0,4,11,0,0,0,.088,.184,.088,.272
Kyle Isbel,KC,OF,24,12,34,5,9,0,1,0,3,1,0,2,15,0,0,0,.265,.306,.324,.630
Mason Williams,NYM,OF,29,17,33,3,7,1,0,1,1,0,1,4,9,0,0,0,.212,.297,.333,.630
Anthony Rizzo,NYY,1B,32,9,32,8,9,0,0,3,6,1,0,4,3,0,1,3,.281,.400,.563,.963
Jorge Soler,ATL,OF,29,9,32,6,11,1,0,3,6,0,0,6,7,0,0,0,.344,.447,.656,1.103
Drew Butera,LAA,C,38,12,32,1,3,1,0,0,5,0,0,0,16,3,1,0,.094,.091,.125,.216
John Hicks,TEX,C,31,10,31,6,8,1,0,4,7,0,0,0,8,0,0,0,.258,.258,.677,.935
Lewin Diaz,MIA,1B,24,15,30,5,4,0,0,3,5,0,0,2,8,0,0,0,.133,.188,.433,.621
Scott Heineman,CIN,OF,28,19,30,5,3,0,0,2,3,0,0,3,15,0,0,1,.100,.206,.300,.506
Lars Nootbaar,STL,OF,23,16,29,3,5,0,1,0,4,0,0,4,4,0,1,0,.172,.265,.241,.506
Cameron Maybin,NYM,OF,34,9,28,2,1,0,0,0,0,1,0,3,12,0,0,2,.036,.182,.036,.218
Riley Adams,TOR,C,25,12,28,2,3,2,0,0,0,0,0,2,12,0,0,0,.107,.167,.179,.346
Frank Schwindel,CHC,1B,29,9,28,2,10,2,0,1,6,0,0,2,5,0,0,0,.357,.400,.536,.936
Josh Palacios,TOR,OF,26,10,28,7,7,0,0,0,4,0,0,3,7,1,1,2,.250,.353,.250,.603
Hoy Park,PIT,SS,25,8,28,3,9,4,0,1,4,0,1,2,7,1,0,0,.321,.367,.571,.938
Austin Dean,STL,OF,27,18,27,4,6,2,0,1,7,0,0,5,9,0,2,0,.222,.324,.407,.731
Jo Adell,LAA,OF,22,7,27,2,7,4,0,0,4,1,0,2,8,0,0,0,.259,.310,.407,.717
Renato Nunez,DET,1B,27,7,27,5,4,2,0,2,3,0,0,1,8,0,0,1,.148,.207,.444,.651
Josh Harrison,OAK,2B,34,7,27,3,8,1,0,1,2,2,1,0,1,0,0,2,.296,.345,.444,.789
Anthony Bemboom,LAA,C,31,8,27,2,6,0,0,0,2,0,0,1,10,0,0,0,.222,.250,.222,.472
Vidal Brujan,TB,2B,23,10,26,3,2,0,0,0,2,1,0,0,8,0,0,0,.077,.077,.077,.154
Emmanuel Rivera,KC,3B,25,8,26,2,7,1,0,0,2,0,0,2,7,0,0,0,.269,.321,.308,.629
DJ Peters,LAD,OF,25,18,26,5,5,2,0,1,4,0,0,8,14,0,0,0,.192,.382,.385,.767
DJ Peters,TEX,OF,25,7,26,1,5,2,0,0,1,1,0,1,12,0,0,0,.192,.222,.269,.491
Jacob Nottingham,SEA,C,26,10,26,3,3,0,0,1,2,0,0,2,12,0,1,2,.115,.226,.231,.457
Mickey Moniak,PHI,OF,23,12,26,3,3,0,0,1,3,0,0,3,13,0,0,0,.115,.207,.231,.438
Yoshi Tsutsugo,LAD,3B,29,12,25,2,3,0,0,0,2,0,0,6,12,0,0,0,.120,.290,.120,.410
Steven Souza,LAD,OF,32,13,25,2,4,0,1,1,2,0,0,2,10,0,0,1,.160,.250,.360,.610
Bryan Holaday,ARI,C,33,9,25,2,5,2,0,0,1,0,0,1,12,0,0,2,.200,.286,.280,.566
Breyvic Valera,TOR,2B,29,11,25,4,9,2,0,0,3,0,0,1,2,0,0,0,.360,.385,.440,.825
Alex Jackson,MIA,C,25,9,25,3,4,1,0,2,5,0,0,1,11,0,0,0,.160,.192,.440,.632
Tony Wolters,CHC,C,29,14,24,3,3,0,0,0,0,0,1,5,12,1,0,0,.125,.276,.125,.401
Jonathan Arauz,BOS,2B,23,11,24,2,6,1,0,0,2,0,0,3,6,0,0,0,.250,.333,.292,.625
Andrew Romine,CHC,SS,35,10,24,5,7,1,0,1,4,0,0,0,7,0,0,0,.292,.292,.458,.750
P.J. Higgins,CHC,C,28,9,23,1,1,0,0,0,0,0,0,2,8,0,0,0,.043,.120,.043,.163
Rafael Marchan,PHI,C,22,11,23,4,7,1,0,0,0,0,0,1,7,0,0,0,.304,.333,.348,.681
Kelvin Gutierrez,BAL,3B,26,8,23,1,4,0,0,0,2,0,0,2,9,0,0,1,.174,.269,.174,.443
Alex Jackson,ATL,C,25,10,23,2,1,0,0,0,0,0,0,2,13,0,0,3,.043,.214,.043,.257
Domingo Leyba,ARI,2B,25,13,22,0,0,0,0,0,0,0,0,2,7,0,0,0,.000,.083,.000,.083
Patrick Mazeika,NYM,C,27,16,22,1,6,0,0,1,4,0,0,1,3,0,0,1,.273,.333,.409,.742
Garrett Stubbs,HOU,C,28,9,22,1,4,1,0,0,2,0,0,1,4,2,0,0,.182,.217,.227,.444
Drew Ellis,ARI,3B,25,8,22,1,2,0,0,0,1,0,0,2,10,0,0,0,.091,.167,.091,.258
Mark Payton,CIN,OF,29,24,22,2,4,0,0,0,0,0,0,2,7,0,0,0,.182,.250,.182,.432
Vimael Machin,OAK,3B,27,10,21,1,1,0,0,0,1,0,0,2,7,0,0,0,.048,.130,.048,.178
Johneshwy Fargas,NYM,OF,26,7,21,1,6,3,1,0,3,0,0,0,7,1,0,0,.286,.286,.524,.810
Adam Haseley,PHI,OF,25,9,21,2,4,1,0,0,0,0,0,0,4,0,0,0,.190,.190,.238,.428
Tim Locastro,NYY,OF,29,9,21,4,4,2,0,1,2,0,0,1,7,0,1,0,.190,.217,.429,.646
Ildemaro Vargas,CHC,2B,30,9,21,3,3,2,0,0,2,1,0,3,7,0,0,0,.143,.250,.238,.488
Cole Tucker,PIT,OF,25,13,21,1,3,1,0,0,1,0,1,1,5,0,0,0,.143,.182,.190,.372
Ryan LaMarre,NYY,OF,32,9,21,3,4,0,0,2,4,1,0,2,6,0,0,1,.190,.292,.476,.768
Corey Dickerson,TOR,OF,32,7,21,1,6,2,1,0,4,1,1,2,1,0,0,0,.286,.348,.476,.824
Estevan Florial,NYY,OF,23,8,20,3,6,2,0,1,2,1,0,5,6,0,0,0,.300,.440,.550,.990
Frank Schwindel,OAK,1B,29,8,20,2,3,1,0,1,3,0,0,0,5,0,0,0,.150,.150,.350,.500
Dexter Fowler,LAA,OF,35,7,20,3,5,0,0,0,1,1,0,1,6,0,0,0,.250,.286,.250,.536
Alejo Lopez,CIN,2B,25,11,19,3,6,0,0,0,0,0,0,0,3,0,0,0,.316,.316,.316,.632
Scott Kingery,PHI,2B,27,15,19,1,1,0,0,0,0,0,0,0,12,0,0,0,.053,.053,.053,.106
Luke Maile,MIL,C,30,8,19,1,4,1,0,0,1,0,0,2,6,0,0,1,.211,.318,.263,.581
Hernan Perez,WAS,2B,30,10,19,1,1,0,0,0,0,0,0,2,10,0,0,0,.053,.143,.053,.196
Troy Stokes,PIT,OF,25,8,18,2,2,1,0,0,2,1,0,1,5,0,0,1,.111,.200,.167,.367
Khalil Lee,NYM,OF,23,11,18,2,1,1,0,0,1,0,0,0,13,0,0,0,.056,.056,.111,.167
John Nogowski,STL,1B,28,19,18,2,1,0,0,0,0,0,0,1,2,0,0,1,.056,.150,.056,.206
Sebastian Rivero,KC,C,22,8,18,1,2,1,0,0,2,0,0,3,9,0,0,1,.111,.273,.167,.440
Yonny Hernandez,TEX,2B,23,5,17,2,5,0,0,0,2,2,0,2,0,0,1,0,.294,.350,.294,.644
Chadwick Tromp,SF,C,26,8,17,1,4,0,0,1,2,0,0,0,4,0,0,0,.235,.235,.412,.647
Ildemaro Vargas,ARI,2B,30,9,17,2,3,0,0,0,3,0,0,1,3,0,0,0,.176,.222,.176,.398
Adrian Sanchez,WAS,3B,30,6,17,1,4,0,0,0,0,0,0,1,2,0,0,0,.235,.278,.235,.513
Yan Gomes,OAK,C,34,5,17,3,5,1,0,2,8,0,0,0,3,0,0,0,.294,.294,.706,1.000
Rob Brantly,NYY,C,32,5,16,0,2,1,0,0,0,0,0,0,3,0,0,1,.125,.176,.188,.364
Jake Marisnick,SD,OF,30,7,16,2,2,0,0,0,1,0,0,0,7,0,0,1,.125,.176,.125,.301
Jake Hager,ARI,SS,28,6,16,1,2,0,0,0,1,0,0,3,10,0,0,0,.125,.263,.125,.388
Ronald Guzman,TEX,1B,26,7,16,1,1,0,0,1,1,0,0,1,6,0,0,0,.063,.118,.250,.368
Anderson Tejeda,TEX,SS,23,5,16,1,1,0,0,0,0,1,0,1,10,0,0,0,.063,.118,.063,.181
Johan Camargo,ATL,2B,27,15,16,1,0,0,0,0,0,0,0,2,6,0,0,0,.000,.111,.000,.111
Max Moroff,STL,2B,28,6,16,0,1,0,0,0,1,0,0,0,10,0,0,0,.063,.063,.063,.126
Ka'ai Tom,OAK,OF,27,9,16,1,1,0,0,0,1,0,0,0,6,0,0,0,.063,.063,.063,.126
Travis Blankenhorn,NYM,3B,25,15,15,3,3,2,0,1,4,0,0,1,5,0,0,0,.200,.250,.533,.783
Jorge Mateo,BAL,OF,26,4,15,2,4,2,1,0,1,2,0,0,3,0,0,1,.267,.313,.533,.846
Mike Tauchman,NYY,OF,30,11,14,1,3,1,0,0,0,2,0,1,6,1,0,0,.214,.267,.286,.553
Jacob Nottingham,MIL,C,26,5,14,2,3,1,0,2,4,0,0,0,8,0,0,0,.214,.214,.714,.928
Greg Deichmann,CHC,OF,26,4,14,0,2,0,0,0,1,0,0,0,3,0,0,0,.143,.143,.143,.286
Ben Gamel,CLE,OF,29,11,14,1,1,1,0,0,0,0,0,3,6,0,0,0,.071,.235,.143,.378
Jon Jay,LAA,OF,36,5,14,2,5,0,0,0,1,0,0,0,2,0,0,0,.357,.357,.357,.714
Jonathan Lucroy,WAS,C,35,5,14,0,5,1,0,0,2,0,0,0,2,0,0,0,.357,.357,.429,.786
Rene Rivera,WAS,C,38,4,14,2,3,0,0,0,0,0,0,0,5,0,0,1,.214,.267,.214,.481
Johneshwy Fargas,CHC,OF,26,8,13,1,5,0,0,0,1,1,2,1,4,0,0,0,.385,.429,.385,.814
Trea Turner,LAD,SS,28,4,13,4,4,2,0,0,0,1,0,2,2,0,0,0,.308,.400,.462,.862
Ildemaro Vargas,PIT,2B,30,7,13,0,1,0,0,0,1,0,0,0,3,0,0,0,.077,.077,.077,.154
Richie Martin,BAL,SS,26,5,13,2,3,1,0,0,3,0,1,1,4,0,1,0,.231,.267,.308,.575
Kevin Padlo,TB,3B,25,9,12,1,1,1,0,0,0,0,0,2,8,0,0,0,.083,.214,.167,.381
Connor Wong,BOS,C,25,5,12,2,3,1,0,0,0,0,0,1,7,0,0,0,.250,.308,.333,.641
Nick Martini,CHC,OF,31,12,12,2,1,0,0,0,1,0,0,2,3,0,1,0,.083,.200,.083,.283
Jonathan Davis,NYY,OF,29,5,11,3,1,0,0,0,0,0,0,1,2,0,0,0,.091,.167,.091,.258
Jose Lobaton,CHC,C,36,6,11,1,0,0,0,0,0,0,0,2,5,0,0,0,.000,.154,.000,.154
Stuart Fairchild,ARI,OF,25,10,11,2,1,0,0,0,0,0,0,1,3,0,0,0,.091,.167,.091,.258
Andy Burns,LAD,3B,31,9,11,2,3,1,0,0,0,0,0,3,1,0,0,1,.273,.467,.364,.831
Orlando Arcia,MIL,SS,27,4,11,0,1,0,0,0,1,0,0,0,3,0,0,0,.091,.091,.091,.182
Wilfredo Tovar,NYM,SS,30,6,11,0,2,0,0,0,1,0,0,1,4,0,0,0,.182,.250,.182,.432
Eric Campbell,SEA,1B,34,4,11,1,3,0,0,0,0,0,0,1,1,0,0,0,.273,.333,.273,.606
Ryan Lavarnway,CLE,C,34,4,11,1,3,1,0,0,0,0,0,1,4,0,0,0,.273,.333,.364,.697
Nick Williams,CWS,OF,27,4,10,2,0,0,0,0,0,0,0,1,4,0,0,2,.000,.231,.000,.231
Monte Harrison,MIA,OF,26,9,10,0,2,1,0,0,0,0,1,0,3,1,0,0,.200,.200,.300,.500
Geraldo Perdomo,ARI,SS,21,4,10,1,1,0,0,0,0,0,0,3,2,0,0,0,.100,.308,.100,.408
Zach Reks,LAD,OF,27,6,10,2,0,0,0,0,0,0,0,0,7,0,0,0,.000,.000,.000,.000
Dillon Thomas,SEA,OF,28,4,9,2,1,0,0,0,2,0,0,0,7,0,0,0,.111,.111,.111,.222
Jeff Mathis,ATL,C,38,3,9,0,0,0,0,0,0,0,0,0,5,0,0,0,.000,.000,.000,.000
Jordan Luplow,TB,OF,27,4,9,3,2,1,0,0,0,0,0,2,5,0,0,0,.222,.364,.333,.697
Riley Adams,WAS,C,25,5,9,1,2,0,0,1,2,0,0,1,2,0,0,0,.222,.300,.556,.856
Jaylin Davis,SF,OF,27,5,9,1,1,1,0,0,0,0,0,0,1,0,0,0,.111,.111,.222,.333
Deven Marrero,MIA,SS,30,5,9,3,3,0,0,1,1,1,0,0,2,0,0,0,.333,.333,.667,1.000
Austin Romine,CHC,C,32,6,9,1,1,1,0,0,1,0,0,0,3,0,0,0,.111,.111,.222,.333
Jake Hager,NYM,SS,28,5,8,1,1,0,0,0,0,0,0,0,3,0,0,0,.125,.125,.125,.250
Derek Fisher,MIL,OF,27,4,8,1,2,0,1,0,1,0,0,0,1,0,0,0,.250,.250,.500,.750
Luis Gonzalez,CWS,OF,25,6,8,2,2,2,0,0,0,0,0,3,2,0,0,0,.250,.455,.500,.955
Andrew Velazquez,NYY,SS,27,2,8,2,1,1,0,0,0,0,0,0,4,0,0,0,.125,.125,.250,.375
Ryan McBroom,KC,1B,29,7,8,1,2,0,0,0,0,0,0,1,6,0,0,0,.250,.333,.250,.583
Tim Lopes,MIL,OF,27,5,8,1,1,0,0,0,0,0,1,1,4,0,0,0,.125,.222,.125,.347
Matt Vierling,PHI,OF,24,6,7,1,3,0,0,0,0,1,0,0,3,0,0,0,.429,.429,.429,.858
Wilson Ramos,CLE,C,34,2,7,2,4,0,0,2,3,0,0,1,1,0,0,0,.571,.625,1.429,2.054
Keibert Ruiz,LAD,C,23,6,7,1,1,0,0,1,1,0,0,0,5,0,0,0,.143,.143,.571,.714
Rio Ruiz,COL,3B,27,5,7,0,1,0,0,0,0,0,0,2,3,0,0,0,.143,.333,.143,.476
Jacob Wilson,OAK,3B,31,6,7,1,1,0,0,0,0,0,0,0,1,0,0,0,.143,.143,.143,.286
John Andreoli,SD,OF,31,7,6,2,1,1,0,0,0,0,0,1,3,0,0,0,.167,.286,.333,.619
JT Riddle,MIN,3B,29,4,6,1,2,0,0,0,0,0,0,0,0,0,0,0,.333,.333,.333,.666
Joey Bart,SF,C,24,2,6,1,2,0,0,0,1,0,0,0,2,0,0,0,.333,.333,.333,.666
Matt Thaiss,LAA,3B,26,2,6,1,1,0,0,0,0,0,0,1,1,0,0,0,.167,.286,.167,.453
Austin Allen,OAK,C,27,2,6,1,1,0,0,1,1,0,0,0,2,0,0,0,.167,.167,.667,.834
Alex De Goti,HOU,2B,26,2,6,2,2,0,0,0,1,0,0,1,2,0,0,0,.333,.429,.333,.762
Jake Meyers,HOU,OF,25,5,6,1,1,1,0,0,0,0,0,1,4,0,0,0,.167,.286,.333,.619
Luis Marte,MIA,SS,27,4,6,2,1,0,0,0,0,0,0,1,2,0,0,0,.167,.286,.167,.453
Jonathan Lucroy,ATL,C,35,2,5,2,1,0,0,0,1,0,0,3,2,1,0,0,.200,.500,.200,.700
Tyler Nevin,BAL,1B,24,2,5,0,1,1,0,0,0,0,0,1,2,0,0,0,.200,.333,.400,.733
Luis Barrera,OAK,OF,25,4,5,0,1,0,0,0,0,0,0,0,2,0,0,0,.200,.200,.200,.400
Scott Hurst,STL,OF,25,7,5,0,0,0,0,0,0,0,0,0,1,0,0,0,.000,.000,.000,.000
Ronnie Dawson,HOU,OF,26,3,5,2,1,0,0,0,0,0,0,1,0,0,0,0,.200,.333,.200,.533
Braden Bishop,SEA,OF,27,8,4,1,1,0,0,0,0,0,0,0,2,1,0,0,.250,.250,.250,.500
Taylor Gushue,CHC,C,27,2,4,0,0,0,0,0,0,0,0,0,3,0,0,0,.000,.000,.000,.000
Kevan Smith,TB,C,33,3,4,2,1,0,0,0,0,0,0,0,2,0,0,0,.250,.250,.250,.500
Patrick Kivlehan,SD,3B,31,5,4,3,1,0,0,0,2,0,0,2,3,0,1,1,.250,.500,.250,.750
Trey Amburgey,NYY,OF,26,2,4,0,0,0,0,0,0,0,0,0,2,0,0,0,.000,.000,.000,.000
Hunter Owen,PIT,3B,27,3,4,0,0,0,0,0,0,0,0,0,3,0,0,1,.000,.200,.000,.200
Ivan Castillo,SD,2B,26,3,3,0,1,0,0,0,1,0,0,1,0,0,0,0,.333,.500,.333,.833
Jacob Wilson,HOU,3B,31,1,3,0,0,0,0,0,0,0,0,0,0,0,0,0,.000,.000,.000,.000
Humberto Arteaga,WAS,SS,27,1,3,0,0,0,0,0,1,0,0,0,0,0,1,0,.000,.000,.000,.000
Jared Hoying,TOR,OF,32,2,3,0,0,0,0,0,0,0,0,0,1,0,0,0,.000,.000,.000,.000
Ali Sanchez,STL,C,24,1,3,0,1,1,0,0,0,0,0,0,0,0,0,0,.333,.333,.667,1.000
Taylor Motter,COL,SS,31,1,3,0,0,0,0,0,0,0,0,1,0,0,0,0,.000,.250,.000,.250
Brian Miller,MIA,OF,25,2,3,0,1,0,0,0,0,0,0,0,1,0,0,0,.333,.333,.333,.666
Joe Odom,TB,C,29,2,2,0,0,0,0,0,0,0,0,0,1,0,0,0,.000,.000,.000,.000
Corey Ray,MIL,OF,26,1,2,1,0,0,0,0,0,0,0,1,1,0,0,0,.000,.333,.000,.333
Jakson Reetz,WAS,C,25,2,2,1,1,1,0,0,0,0,0,0,0,0,0,0,.500,.500,1.000,1.500
Sean Kazmar,ATL,SS,37,3,2,0,0,0,0,0,0,0,0,0,0,0,0,0,.000,.000,.000,.000
Cody Wilson,WAS,OF,25,1,1,0,0,0,0,0,0,0,0,0,0,0,0,0,.000,.000,.000,.000
Hoy Park,NYY,SS,25,1,1,0,0,0,0,0,0,0,0,0,0,0,0,0,.000,.000,.000,.000
Skye Bolt,SF,OF,27,2,1,0,0,0,0,0,0,0,0,0,1,0,0,0,.000,.000,.000,.000
Mario Feliciano,MIL,C,22,1,0,1,0,0,0,0,0,0,0,1,0,0,0,0,.000,1.000,.000,1.000